,Country,Alpha2Code,box,boxes
0,United Arab Emirates,AE,"[54.034405130341455, 24.127893389899047, 55.338188058297995, 23.684647827392542]",
1,Afghanistan,AF,"[64.6013020135621, 36.51286337998505, 69.07281025615218, 32.41537552294985]",
2,Albania,AL,"[19.87174386157454, 42.306036998109924, 20.316928033057525, 41.154194570728116]",
3,Armenia,AM,"[45.006701404347474, 40.31762211571816, 45.66525373715648, 39.96478323067652]",
4,Angola,AO,,"[[13.741389545052645, -8.354889109113255, 20.874736523443552, -15.796601241519447], [12.281946610281683, -4.654318575208048, 12.514942296800438, -5.159195344936592]]"
5,Antarctica,AQ,,"[[-62.848669285126356, -80.41831964396528, -59.87536627531496, -80.55578384467952], [-162.71985554389823, -78.64979598428344, -161.45758763087733, -79.11197092166975], [-50.40739043207885, -79.21529880489449, -47.85957432240918, -80.22760982206661], [-122.25935980858054, -73.6709337474551, -121.42653810780918, -73.78536558373834], [-125.43826396417681, -73.53929246383042, -125.35724506098552, -73.55923295681974], [-101.82817975835313, -72.05147546912602, -99.7123561747166, -72.27698324327339], [-71.74770636513448, -70.49580659672274, -70.56169558080695, -72.23734736387372], [-25.322665898618407, -76.27919061784019, 25.062256652836865, -85.65000000000396]]"
6,Argentina,AR,,"[[-66.99564721517605, -54.27784431102668, -66.83374611206322, -54.35256789707875], [-67.72664263067131, -36.123738274929835, -64.75163263809682, -40.81039920240997]]"
7,Austria,AT,"[13.2578857691306, 48.42413076645585, 14.544740064273345, 47.14706898843668]",
8,Australia,AU,,"[[145.43856416402602, -41.21481554531075, 147.5439011427401, -42.69399170588071], [130.22422020467428, -22.215599620575297, 150.15772243010957, -30.254190689543314]]"
9,Azerbaijan,AZ,,"[[45.96552945487462, 40.801819800310355, 48.70504463801055, 39.67555099003866], [45.30618846755639, 39.402485916228244, 45.73346108071107, 39.10740926329781]]"
10,Bosnia and Herzegovina,BA,"[16.683840756252675, 44.751412723626125, 18.12492684739085, 43.866183738272035]",
11,Bangladesh,BD,"[89.57284448575338, 25.034700250330555, 91.15622156919913, 22.998501985047955]",
12,Belgium,BE,"[3.6564319602889417, 50.710177461111954, 4.353844846710229, 50.33723337050153]",
13,Burkina Faso,BF,"[-4.303403162122807, 13.091208066365713, -0.4842112337560478, 11.339267984684193]",
14,Bulgaria,BG,"[23.68950826377007, 43.511847580128446, 27.57336239103987, 42.07712655488733]",
15,Benin,BJ,"[1.9038338544578601, 11.634740591819376, 2.5703105914441613, 9.815789056387231]",
16,Brunei Darussalam,BN,"[114.53969922522884, 4.975706361001178, 115.35153449257879, 4.3752943473021695]",
17,Bolivia,BO,"[-68.16305541113739, -13.123864481458215, -62.40580934638777, -18.989064464442166]",
18,Brazil,BR,"[-61.25539254453957, -1.9872602638881378, -50.311420956868886, -13.48168641359944]",
19,Bahamas,BS,,"[[-77.96868060944125, 24.507173349147376, -77.75016853668696, 24.15798634838386], [-78.91235015432586, 26.786753396406745, -78.16760070604485, 26.53618677034375], [-77.32665504712885, 26.747520594577352, -77.28126164814991, 26.41369287056614]]"
20,Bhutan,BT,"[89.14873168018299, 27.674230131702018, 90.764801295737, 27.087846564844547]",
21,Botswana,BW,"[20.890484415378733, -20.945212012351682, 24.954729552567983, -24.41829623071871]",
22,Belarus,BY,"[24.513981433516882, 53.92712934575964, 27.655022229973508, 52.568861719961]",
23,Belize,BZ,"[-88.8136443290909, 17.92740489740502, -88.48348989673357, 17.19598150755197]",
24,Canada,CA,,"[[-64.07933624005435, 46.42142024477336, -63.66817883034414, 46.375637356178395], [-62.97659305010178, 49.56181884817216, -62.50755636687196, 49.40912547572362], [-126.0888217632889, 49.752217251503424, -125.21976325132772, 49.35018826144112], [-57.095000426344505, 49.40023613003373, -53.98144831781742, 47.839440519259014], [-132.44332355029965, 53.48419590069348, -132.08818634531025, 52.97346110562334], [-79.95344301746563, 62.27426375477753, -79.46558197855899, 61.89752444351276], [-82.92762861681521, 62.737236182768314, -82.37119799610423, 62.49539046813974], [-86.03625140133904, 64.64535888035148, -83.63989987752164, 63.82792449673673], [-76.98455670769918, 67.90764610777194, -75.89154588327993, 67.32057987802159], [-97.48547244225853, 69.51648627442204, -96.31340247677245, 69.24684666947444], [-105.60969869009053, 61.76165724414765, -94.68486843262961, 50.9799621055794], [-109.39485232202088, 71.6462392862873, -105.03633815051111, 70.39687669257883], [-106.41151249232297, 73.44843789650217, -105.77971740567827, 73.23109243761512], [-80.41533107333372, 73.3138294044768, -79.49989282284389, 73.11430371206723], [-97.54558843742495, 72.80390024371694, -97.40580636249493, 72.74628861952812], [-95.63899146366116, 73.73825939036388, -93.62675017447779, 72.94857759769548], [-124.05050867722079, 73.59201186216417, -122.04943783394917, 72.71501752447298], [-95.21001610470086, 75.2393266964218, -93.92385507022588, 74.8422886476982], [-100.60640973128028, 76.39001097889069, -97.95921129818315, 75.3691387131026], [-92.72768656952489, 75.52021108342711, -87.40742316392416, 75.37240184012566], [-121.0533074344518, 76.89444918586995, -119.66994402148143, 76.54053651804563], [-96.20276718268617, 77.73345500962199, -95.09362858174492, 77.59335888824042], [-111.56810503526495, 77.95996321514573, -110.22543183264457, 77.6972466685507], [-112.25296813657964, 78.62417795068326, -111.72576119542131, 78.53714466692038], [-98.272360638942, 78.62076923390178, -97.10146507662873, 78.222915051212], [-104.20559491103725, 78.73950433187669, -102.79212474929125, 78.46511805989192], [-91.0503657411227, 80.24365549302216, -87.72256706946624, 79.353947533365], [-81.84419979647987, 82.80977919346597, -76.04470730182143, 78.3104930887078]]"
25,DR Congo,CD,"[19.518703951964856, 4.027788848446294, 28.32102011460731, -8.232078114298078]",
26,Central African Republic,CF,"[15.558182510758591, 7.440798010349816, 21.62226524143182, 5.358218125446885]",
27,Switzerland,CH,"[6.508231450223142, 46.984275447087875, 7.990014162955863, 46.42866519324344]",
28,Cote d'Ivoire,CI,"[-7.437951811684409, 9.27721741986656, -3.2462627547002927, 5.376481929012972]",
29,Chile,CL,,"[[-71.14145411894782, -53.50263164885888, -68.80855531301556, -54.99180547983424], [-71.69034372138911, -38.706640160077804, -71.54445780279435, -39.35039491072436]]"
30,Cameroon,CM,"[12.088644223240731, 7.868292357249888, 13.740440626567214, 5.265213352734374]",
31,China,CN,,"[[109.11937266500934, 38.527869721679444, 117.68790982525512, 35.888733188955435], [109.2747545870174, 19.8110129758962, 110.39572799029456, 18.821061559508276]]"
32,Colombia,CO,"[-75.54784681933234, 7.422521229168938, -72.45205556754331, 3.5656520234742377]",
33,Costa Rica,CR,"[-84.61294237128746, 10.10142757783894, -84.04695729981908, 9.60843197383079]",
34,Cuba,CU,"[-79.49738031339659, 21.63834669391561, -79.30420433119744, 21.62152091198921]",
35,Cyprus,CY,"[32.4457954365866, 35.050538259569365, 33.237222442662805, 34.79198609768264]",
36,Czech Republic,CZ,"[12.85384683870531, 50.03525329713325, 15.238706032301417, 49.397173048425266]",
37,Germany,DE,"[7.093751782217909, 53.526182284299345, 11.67351620676176, 49.82442473702579]",
38,Denmark,DK,,"[[8.35448353971839, 56.90905728084027, 9.780301923961463, 55.797364434680034], [11.629110725196547, 55.83922637678147, 12.468363684654596, 55.323114282626356]]"
39,Dominican Republic,DO,"[-71.44660583332262, 19.172472681072648, -70.13392158755977, 18.428083943125763]",
40,Algeria,DZ,"[-0.1526143656717558, 31.0626020796485, 7.6928019010182425, 21.895525075540142]",
41,Ecuador,EC,"[-79.76974033695559, -1.6491118035694268, -78.66234455748649, -2.6886497876724933]",
42,Estonia,EE,"[25.059902650036115, 59.16342537376308, 27.225863473812712, 57.9718395425841]",
43,Egypt,EG,"[28.03921326919278, 28.394312851248216, 32.917759713337325, 23.0099999999998]",
44,Spain,ES,"[-6.38872605403283, 42.9746159709309, -1.5553590813050202, 38.358220299367524]",
45,Ethiopia,ET,"[38.69773787065966, 9.572220901001423, 43.267848446677924, 5.293019022908631]",
46,Finland,FI,"[24.855424372881597, 64.9386564264135, 26.875646765692238, 61.379910362616556]",
47,Fiji,FJ,,"[[177.63233617480543, -17.544860423744396, 178.57893920856446, -18.065200280046824], [178.88136460475198, -16.52725835290976, 179.0474792251962, -16.579402666672454], [-179.96058475456388, -16.075192787728444, -179.87747617356573, -16.306636907475177]]"
48,Falkland Islands,FK,"[-60.72644353102358, -51.620302119673575, -59.99059227896215, -51.763476797676454]",
49,Gabon,GA,"[11.054387486181191, -0.005576640108626685, 13.664604515793837, -1.9468425365689144]",
50,United Kingdom,GB,,"[[-7.319462295556641, 54.9212609389016, -6.226313509207195, 54.075978790714316], [-2.9407568972452007, 55.915349988767815, -2.3801226195386587, 52.21919796329584]]"
51,Georgia,GE,"[41.88530363826035, 42.58247382739544, 43.88995020576523, 41.85104143002308]",
52,Ghana,GH,"[-2.283174281125129, 9.089506893860815, -0.44915778600737966, 5.369743124852941]",
53,Greenland,GL,"[-54.41107944220276, 80.0907240570317, -38.068134476911354, 71.49102595577537]",
54,Gambia,GM,"[-15.335615694349418, 13.451166977774307, -15.291015932417924, 13.423378014920095]",
55,Greece,GR,,"[[22.615306395446154, 40.651682226684706, 22.708275461409464, 40.38516711002999], [24.55436671829123, 35.36043161995525, 25.69712851014652, 35.11488903746913]]"
56,Guatemala,GT,"[-91.40977677096187, 16.064016520396834, -89.97676488801393, 14.383459679052846]",
57,Guyana,GY,"[-59.226036461272294, 7.286806208824633, -58.48415190069252, 5.141186129330089]",
58,Honduras,HN,"[-88.73937625520594, 15.309414073656937, -86.61296132545782, 14.535544731675065]",
59,Hungary,HU,"[18.8058078706186, 47.809796162667574, 21.41006287334597, 46.762835536262024]",
60,Indonesia,ID,,"[[119.93124932084496, -9.702146621539786, 120.45489908176567, -9.980424563762181], [124.13241331976174, -9.313353939015224, 124.71368053961443, -9.81151809671757], [117.07159194924611, -8.483219075658125, 118.2015283730447, -8.822957704883414], [119.942315393973, -8.539763239056263, 121.9155417622731, -8.64173910989442], [109.4940509657761, -7.033860625496456, 112.65867133875894, -7.603444843856018], [134.43618464312112, -6.2565543173440235, 134.55004543615405, -6.438828153121114], [126.17386685528803, -3.2216482176090686, 126.85882977632498, -3.5706025744815237], [129.06981458998777, -3.0860598920323468, 130.44140962635439, -3.3039393381203417], [135.32092098382125, -4.0932126213547715, 136.35736940145145, -4.478395885805934], [121.00756563723584, -1.3603553938877364, 121.49147745158615, -2.3193327551268346], [127.71854030511638, 0.7472783940927576, 128.0819561926245, 0.20670460706621005], [112.59429065554157, 0.8442201335284256, 117.06538806944278, -1.1237472837844544], [100.42202715652424, 1.5552979599267314, 102.227311252563, -1.158128991835554]]"
61,Ireland,IE,"[-9.083575580260431, 53.91372011870079, -7.28048667185837, 52.098062456414716]",
62,India,IN,"[80.89439978408993, 27.019992014296076, 84.91017822429019, 23.533851551942053]",
63,Iraq,IQ,"[42.79276747050481, 34.09768237519872, 45.40012672799283, 30.55335691668717]",
64,Iran,IR,"[49.605645090207055, 36.69904360680148, 60.145788978167836, 28.90870402310041]",
65,Iceland,IS,"[-21.802068567845126, 65.73012558633917, -18.29141612532853, 64.59762718319598]",
66,Italy,IT,,"[[11.84311952150485, 43.80794301407551, 13.097016298400241, 42.1393693080305], [13.345068878244708, 38.01191659577115, 15.158475304395, 37.1884794478626], [8.548405787747454, 40.545240913127934, 9.391290774896829, 39.24135714527207]]"
67,Jamaica,JM,"[-78.0441269381387, 18.30283899348964, -77.32385189854854, 18.03921860590069]",
68,Jordan,JO,"[36.70303679588086, 32.06735905626979, 36.999238713254805, 31.40328463671183]",
69,Japan,JP,,"[[132.60886093183356, 33.712872649425236, 133.59568552030052, 33.485789843516955], [136.4020530361376, 36.75673036970882, 136.9057289742074, 36.11114964845501], [140.91649121532004, 43.358855741505444, 141.84825649817415, 42.92423594684637]]"
70,Kenya,KE,"[35.55486559084381, 3.4195774553955887, 40.58822940745902, -1.6562004862941277]",
71,Kyrgyz Republic,KG,"[76.2452451798423, 41.57172190820768, 77.6309931445466, 41.133992610204935]",
72,Cambodia,KH,"[102.8922433377404, 13.920685774644106, 105.96005834350572, 11.813324559320405]",
73,North Korea,KP,,"[[126.99090262721955, 41.11618162861513, 127.93872220985284, 40.02051938162262]]"
74,South Korea,KR,"[126.74383701960511, 36.86553724371039, 128.26460743430994, 35.201252459723115]",
75,Kuwait,KW,"[47.509688093743875, 29.382574672301764, 47.909321641210504, 28.919132916157373]",
76,Kazakhstan,KZ,"[71.62354967144518, 50.8599073768788, 81.77565780255759, 47.20587957495464]",
77,Laos,LA,"[103.46904378669629, 18.54544402599698, 105.17574789135726, 18.334680572606747]",
78,Lebanon,LB,"[35.951969634589204, 33.638564040111625, 35.96721452646815, 33.61373926125211]",
79,Sri Lanka,LK,"[80.09688033351749, 8.029961892011974, 81.00139648065058, 6.3922534152619725]",
80,Liberia,LR,"[-9.731441921632541, 6.772042687527127, -8.844709870556073, 5.452553871018524]",
81,Lithuania,LT,"[21.804710410689637, 55.71391050950626, 23.431620823018235, 55.10312948555682]",
82,Luxembourg,LU,"[5.769694315539149, 49.93719377778753, 6.108996901676233, 49.49760855582831]",
83,Latvia,LV,"[22.720076893449082, 57.16946237329777, 27.78186873098972, 56.43477241508155]",
84,Libya,LY,"[12.992854686373999, 30.262450868706562, 24.485000000000102, 24.079362207356667]",
85,Morocco,MA,"[-9.377978255237734, 30.332884156978274, -7.912486298312096, 29.192190762861873]",
86,Moldova,MD,"[27.971584841263955, 47.916833888438774, 28.63951721556323, 46.972975360568356]",
87,Montenegro,ME,"[18.807022634688977, 43.27009968142863, 19.469341830388373, 42.60595353336885]",
88,Madagascar,MG,"[45.135524046283756, -16.11115948570618, 47.73183607593575, -20.643329228185443]",
89,Macedonia,MK,"[20.757094620157268, 42.006032245760245, 21.886014997887948, 41.385447767344495]",
90,Mali,ML,"[-4.923936482497495, 18.463258980801985, -2.598708072816705, 14.013374694249235]",
91,Mongolia,MN,"[92.27456576815598, 48.98112838783615, 105.62571973760265, 45.10555049621718]",
92,Mauritania,MR,"[-13.306424982227576, 23.486479117518016, -6.5628688613767565, 15.88649053089907]",
93,Malawi,MW,"[34.03302887974189, -12.779081789700193, 34.37729596085738, -14.347493886872826]",
94,Mexico,MX,"[-105.70570849708795, 28.219180755635723, -100.97594324007486, 22.289185539403707]",
95,Malaysia,MY,,"[[114.13557077338885, 3.933464858639102, 115.53448686634987, 3.2254487684759954], [101.64466824356542, 4.601390809657318, 103.03462701478621, 2.5938281728695123]]"
96,Mozambique,MZ,"[33.52854656099365, -16.722465516329404, 34.945901260675505, -17.364138304365955]",
97,New Caledonia,NC,"[165.69461470806002, -21.095179124345986, 165.78983847066397, -21.172905565590455]",
98,Nigeria,NG,"[3.821974799733429, 12.74218849983131, 11.193191985558897, 6.909064534383042]",
99,Nicaragua,NI,"[-85.46190220584893, 14.117018940976143, -83.99233458368859, 12.41505397303867]",
100,Netherlands,NL,"[4.623935415436952, 52.948466450487004, 5.692985777309365, 52.07889105686055]",
101,Nepal,NP,"[84.69865709654009, 28.556796850926368, 85.1570395708232, 28.315665754855345]",
102,New Zealand,NZ,,"[[170.4785984983243, -43.46396367052625, 171.6108183458199, -44.16795766498832], [175.13641004165837, -37.212658743390065, 175.8346770721744, -38.43586580324927]]"
103,Oman,OM,,"[[56.249921729244406, 26.26094746192946, 56.37654045585449, 26.03685670570735], [55.528679655280804, 21.225930716186667, 56.5362317827684, 18.213476361395145]]"
104,Panama,PA,"[-80.0024809658803, 8.50336697200303, -79.95320177656258, 8.472718796558626]",
105,Peru,PE,"[-75.01509889368488, -8.289910910609313, -73.64850571913168, -15.226664555325943]",
106,Papua New Guinea,PG,,"[[145.01472651954393, -6.443381356716182, 146.96616071543028, -7.109164634370434], [155.27329003164976, -5.938300088502166, 155.34497914829217, -6.0320262348180655], [152.07852641293724, -3.5401511056586297, 152.0862544228162, -3.5457438140177406]]"
107,Philippines,PH,,"[[124.38352119084502, 8.431164951881618, 124.68855785950825, 8.00226570285528], [122.9151993497675, 10.682092426198874, 123.347655702265, 10.03211432539332], [118.62827283157864, 9.96078206565003, 118.66320957333761, 9.920529190021538], [122.03998304435157, 11.566374644130594, 122.8014648965783, 10.832852437053488], [124.89173088928318, 11.751928707070796, 125.14082171712273, 11.314325261781331], [120.75405152016282, 13.326501007832002, 121.16246048404008, 12.840905513593421], [121.54634710543557, 15.45338705077201, 121.55755863581906, 15.39607673441788]]"
108,Pakistan,PK,"[67.70998841288134, 31.35724949329288, 68.92063034143608, 30.273131963684342]",
109,Poland,PL,"[16.085673302393815, 54.200664507929865, 23.195028294131866, 50.2564819215853]",
110,Puerto Rico,PR,"[-67.1787410917, 18.430488285891652, -66.00362040443041, 18.02587379234075]",
111,Palestine,PS,"[35.19706950808873, 31.986639506748883, 35.43035915315445, 31.568239365334467]",
112,Portugal,PT,"[-8.526562280324391, 41.78906629404442, -7.5601266984906585, 38.06070481855335]",
113,Paraguay,PY,"[-59.36477334759155, -22.460805703235597, -56.06053179594764, -24.4207627115759]",
114,Qatar,QA,"[51.062600795131964, 25.400595518695688, 51.42850446808694, 24.749553263051045]",
115,Romania,RO,"[23.420058029870322, 47.317121602230884, 27.63378309847505, 44.75177693253462]",
116,Serbia,RS,"[19.60084358242297, 44.7439080302884, 21.46748275238489, 43.51191157479528]",
117,Russia,RU,,"[[134.54368266734633, 62.35243799961404, 150.9434434518341, 59.65636063025482], [20.762730801439652, 54.917909956632926, 22.57855450475279, 54.43078749785372], [32.99926092948156, 45.61610254849329, 33.99353279314574, 45.189218677953804], [142.4820108129354, 49.88263295796622, 142.84795817699327, 48.55577071599301], [-175.82986889181464, 67.04786089250695, -175.01878870201594, 66.34976397592436], [179.25666758183584, 71.26696516171732, 179.92500000000007, 70.93446675841277], [-179.93000000000006, 71.43093089008308, -178.48510750678957, 70.94747435380422], [142.4909496428432, 73.53019568961956, 143.26603961985435, 73.40518569000058], [146.7436663741301, 75.14900566433393, 147.45658855461016, 75.04281853777358], [137.3760012183202, 75.64364106669919, 140.73603150003044, 75.13133058740831], [100.64203295686195, 78.78437192785462, 102.37793002372695, 78.37081872367655], [48.4702642448405, 80.5629498068379, 48.481836536586506, 80.54768983486936], [93.28373836629777, 80.2668899500857, 95.97319128990776, 79.45534532039316]]"
118,Rwanda,RW,"[29.307387500155752, -1.7112841588157819, 30.419462876310742, -2.344553495783071]",
119,Saudi Arabia,SA,"[39.122345420993874, 28.10165122056632, 47.61272972922453, 21.42991395744764]",
120,Solomon Islands,SB,,"[[161.61342348461096, -10.475702088058949, 161.9426534227019, -10.665782571013285], [160.1613377739455, -9.542943021289286, 160.576615726598, -9.738203935806952], [161.04290759731768, -8.963799717948648, 161.15769961718846, -9.20168518255042], [158.8855346506329, -7.793485182832549, 159.13433488416493, -7.9499611733851765], [157.02949316910286, -6.983616004526268, 157.08436187600535, -7.023196590489344]]"
121,Sudan,SD,"[25.307180531736176, 18.407256570814376, 32.314947566961365, 11.642817070444952]",
122,Sweden,SE,"[16.027241034923495, 67.20290672416101, 17.362163260052913, 62.38836552993698]",
123,Slovenia,SI,"[14.65827153744541, 46.43425628587046, 15.60661734089983, 45.9103898872838]",
124,Slovakia,SK,"[17.39884860556272, 48.79995121016601, 18.49904696543135, 48.572619345301874]",
125,Sierra Leone,SL,"[-12.331305740217541, 9.696814449280655, -10.849952978211785, 7.96254010159776]",
126,Senegal,SN,"[-15.207350421314583, 14.74199623680008, -12.40138399775351, 13.877685996954218]",
127,South Sudan,SS,"[29.554321489459067, 9.095779276774355, 32.95049264435478, 6.546212896365287]",
128,El Salvador,SV,"[-88.40967303960682, 13.868133166864332, -88.03374840272573, 13.722258075489698]",
129,Syria,SY,"[36.563525007507124, 36.15799804397922, 39.14719896708437, 34.407384662607654]",
130,Eswatini,SZ,"[31.091603084072652, -26.151634881012566, 31.869264324415933, -27.1101327506289]",
131,Togo,TG,"[0.7946404357047202, 10.084264456431823, 1.159810727000524, 8.301726013603245]",
132,Thailand,TH,"[99.15786522197146, 15.404037614695902, 101.30974261541957, 13.545886881973303]",
133,Tajikistan,TJ,"[68.36842223585823, 38.668292427578294, 70.92183216129075, 38.49067267208481]",
134,Timor-Leste,TL,"[126.34290608346568, -8.792573305770475, 126.50111290755206, -8.859030213775824]",
135,Turkmenistan,TM,"[59.23382402589718, 39.62313384360671, 63.07480436474901, 38.20147449058922]",
136,Tunisia,TN,"[9.068275291493565, 37.18075656517208, 10.039633342433515, 32.5802749679481]",
137,Turkey,TR,,"[[27.518107349073336, 40.42565746359052, 38.69192359736833, 37.329138394089476], [26.643178593102746, 41.50265163739354, 27.48489797746993, 40.90912020584013]]"
138,Trinidad and Tobago,TT,"[-61.62820187793425, 10.707257365992794, -61.076047992724725, 10.092915735821006]",
139,Taiwan,TW,"[120.76453986179021, 24.593397343538303, 121.32245862643097, 23.530467967569837]",
140,Tanzania,TZ,"[33.83020286154231, -2.8920600166055888, 37.32699318282719, -7.076797281343252]",
141,Ukraine,UA,"[24.496712715282964, 49.25968257970229, 27.299291695178173, 48.43694444934878]",
142,Uganda,UG,"[30.91211384738095, 1.9088596063767032, 32.97460527790176, -0.35370360099898934]",
143,United States,US,,"[[-84.28558709905685, 41.67032526760389, -81.70473615064542, 40.677235880589066], [-160.16008050316157, 66.76806645767023, -149.3874409562046, 61.28614004762521], [-155.90700762497406, 19.817567833882748, -155.30357552594583, 19.214056390414157], [-156.54368334630632, 20.89129819543307, -156.3139041125136, 20.739036349616196], [-157.2739371847119, 21.1676099129518, -157.00253914611582, 21.107158324163315], [-158.03684168783533, 21.519816650233807, -157.8345945716304, 21.35311505223181], [-159.63587844716943, 22.200630874423865, -159.38357630068458, 21.989177533919296], [-153.11680064575592, 57.392623143697186, -152.79182076618068, 57.24054241169597], [-166.66064823026718, 60.29243912521944, -165.7055843949905, 59.93657120548385], [-169.76290135517314, 63.39471679374151, -169.41854528168096, 63.33450872940597]]"
144,Uruguay,UY,"[-57.72520051428336, -31.26991224703727, -54.93886446386008, -33.7805716303481]",
145,Uzbekistan,UZ,"[60.82999949292776, 42.86088697108543, 63.520399792899354, 41.24315985562739]",
146,Venezuela,VE,"[-68.25917474997783, 9.588546186881691, -61.41471902811869, 5.504514095369631]",
147,Vanuatu,VU,,"[[167.33455944510536, -16.17247637605859, 167.50839938163412, -16.335587712606433], [166.75648502097772, -15.017546355919107, 167.1059904153879, -15.57908867790432]]"
148,Kosovo,XK,"[20.308053624564074, 42.66477457494192, 20.88543436322839, 42.31680656596476]",
149,Yemen,YE,"[47.065583733398555, 16.641823615286615, 51.614987927379595, 15.367787569401756]",
150,South Africa,ZA,"[20.16517177285911, -26.83108876979461, 26.664417486811622, -30.323110819426457]",
151,Zambia,ZM,"[29.72005329691001, -13.01952484792423, 31.967021215092952, -13.552177351503518]",
152,Zimbabwe,ZW,"[28.454859200110008, -17.495159077739437, 31.96140354677494, -21.420863369653944]",
